{
    "name": "root",
    "gauges": {
        "Builder.Policy.Entropy.mean": {
            "value": 2.658149003982544,
            "min": 2.4928135871887207,
            "max": 3.2182083129882812,
            "count": 373
        },
        "Builder.Policy.ExtrinsicValueEstimate.mean": {
            "value": 0.03656071051955223,
            "min": -0.331847608089447,
            "max": 0.19366903603076935,
            "count": 373
        },
        "Builder.Environment.EpisodeLength.mean": {
            "value": 4084.6666666666665,
            "min": 1189.6666666666667,
            "max": 8752.0,
            "count": 373
        },
        "Builder.Environment.CumulativeReward.mean": {
            "value": 15.983335075279077,
            "min": -7.634997576475143,
            "max": 18.34000145085156,
            "count": 373
        },
        "Builder.Policy.ExtrinsicReward.mean": {
            "value": 15.983335075279077,
            "min": -7.634997576475143,
            "max": 18.34000145085156,
            "count": 373
        },
        "Builder.IsTraining.mean": {
            "value": 1.0,
            "min": 1.0,
            "max": 1.0,
            "count": 373
        },
        "Builder.Losses.ValueLoss.mean": {
            "value": 0.007089442573487759,
            "min": 0.0031056024599820375,
            "max": 0.05607134476304054,
            "count": 27
        },
        "Builder.Losses.PolicyLoss.mean": {
            "value": 0.09667673707008362,
            "min": 0.08503458648920059,
            "max": 0.10073564946651459,
            "count": 27
        },
        "Builder.Policy.LearningRate.mean": {
            "value": 0.00019998264906462282,
            "min": 0.00019998264906462282,
            "max": 0.00019999935466330498,
            "count": 27
        },
        "Builder.Policy.Epsilon.mean": {
            "value": 0.19999133050441742,
            "min": 0.19999133050441742,
            "max": 0.19999971985816956,
            "count": 27
        },
        "Builder.Policy.Beta.mean": {
            "value": 0.009999132715165615,
            "min": 0.009999132715165615,
            "max": 0.00999996718019247,
            "count": 27
        }
    },
    "metadata": {
        "timer_format_version": "0.1.0",
        "start_time_seconds": "1642056293",
        "python_version": "3.8.0 (tags/v3.8.0:fa919fd, Oct 14 2019, 19:37:50) [MSC v.1916 64 bit (AMD64)]",
        "command_line_arguments": "C:\\Users\\Joshua\\AppData\\Local\\Programs\\Python\\Python38\\Scripts\\mlagents-learn training_config.yaml --run-id=Builder9_FINAL --time-scale=15 --force",
        "mlagents_version": "0.21.1",
        "mlagents_envs_version": "0.21.1",
        "communication_protocol_version": "1.2.0",
        "tensorflow_version": "2.3.1",
        "numpy_version": "1.18.5",
        "end_time_seconds": "1642220456"
    },
    "total": 164161.56460900002,
    "count": 1,
    "self": 0.00926290001370944,
    "children": {
        "run_training.setup": {
            "total": 0.00741309999999995,
            "count": 1,
            "self": 0.00741309999999995
        },
        "TrainerController.start_learning": {
            "total": 164161.54793300002,
            "count": 1,
            "self": 228.36542531315354,
            "children": {
                "TrainerController._reset_env": {
                    "total": 14.184491000000001,
                    "count": 1,
                    "self": 14.184491000000001
                },
                "TrainerController.advance": {
                    "total": 163913.65854638687,
                    "count": 4481974,
                    "self": 78.95571178128012,
                    "children": {
                        "env_step": {
                            "total": 163834.7028346056,
                            "count": 4481974,
                            "self": 158097.95559893915,
                            "children": {
                                "SubprocessEnvManager._take_step": {
                                    "total": 5607.395235877728,
                                    "count": 4481974,
                                    "self": 160.52976537706127,
                                    "children": {
                                        "TFPolicy.evaluate": {
                                            "total": 5446.865470500667,
                                            "count": 4480883,
                                            "self": 5446.865470500667
                                        }
                                    }
                                },
                                "workers": {
                                    "total": 129.35199978871324,
                                    "count": 4481973,
                                    "self": 0.0,
                                    "children": {
                                        "worker_root": {
                                            "total": 163947.57108820666,
                                            "count": 4481973,
                                            "is_parallel": true,
                                            "self": 12695.688873206265,
                                            "children": {
                                                "steps_from_proto": {
                                                    "total": 0.013996099999999956,
                                                    "count": 1,
                                                    "is_parallel": true,
                                                    "self": 0.0003884999999979044,
                                                    "children": {
                                                        "_process_visual_observation": {
                                                            "total": 0.013297100000000839,
                                                            "count": 2,
                                                            "is_parallel": true,
                                                            "self": 4.410000000021341e-05,
                                                            "children": {
                                                                "observation_to_np_array": {
                                                                    "total": 0.013253000000000625,
                                                                    "count": 1,
                                                                    "is_parallel": true,
                                                                    "self": 8.810000000103457e-05,
                                                                    "children": {
                                                                        "process_pixels": {
                                                                            "total": 0.01316489999999959,
                                                                            "count": 1,
                                                                            "is_parallel": true,
                                                                            "self": 0.00015109999999829427,
                                                                            "children": {
                                                                                "image_decompress": {
                                                                                    "total": 0.013013800000001297,
                                                                                    "count": 1,
                                                                                    "is_parallel": true,