{
    "name": "root",
    "gauges": {
        "TestBehavior3.Policy.Entropy.mean": {
            "value": 1.7635225057601929,
            "min": 1.763357400894165,
            "max": 1.778250813484192,
            "count": 24
        },
        "TestBehavior3.Environment.EpisodeLength.mean": {
            "value": 43.90262172284644,
            "min": 28.519801980198018,
            "max": 73.1358024691358,
            "count": 24
        },
        "TestBehavior3.Policy.ExtrinsicValueEstimate.mean": {
            "value": -0.35714420676231384,
            "min": -0.4225773215293884,
            "max": -0.08503178507089615,
            "count": 24
        },
        "TestBehavior3.Environment.CumulativeReward.mean": {
            "value": -0.9700374531835206,
            "min": -0.9762845849802372,
            "max": -0.11904761904761904,
            "count": 24
        },
        "TestBehavior3.Policy.ExtrinsicReward.mean": {
            "value": -1.4550561797752808,
            "min": -1.4644268774703557,
            "max": -0.17857142857142858,
            "count": 24
        },
        "TestBehavior3.IsTraining.mean": {
            "value": 1.0,
            "min": 1.0,
            "max": 1.0,
            "count": 24
        },
        "TestBehavior3.Losses.ValueLoss.mean": {
            "value": 0.11186682432889938,
            "min": 0.11186682432889938,
            "max": 0.11186682432889938,
            "count": 1
        },
        "TestBehavior3.Losses.PolicyLoss.mean": {
            "value": 0.10156615078449249,
            "min": 0.10156615078449249,
            "max": 0.10156615078449249,
            "count": 1
        },
        "TestBehavior3.Policy.LearningRate.mean": {
            "value": 0.00019738312403205782,
            "min": 0.00019738312403205782,
            "max": 0.00019738312403205782,
            "count": 1
        },
        "TestBehavior3.Policy.Epsilon.mean": {
            "value": 0.19869159162044525,
            "min": 0.19869159162044525,
            "max": 0.19869159162044525,
            "count": 1
        },
        "TestBehavior3.Policy.Beta.mean": {
            "value": 0.00986928679049015,
            "min": 0.00986928679049015,
            "max": 0.00986928679049015,
            "count": 1
        }
    },
    "metadata": {
        "timer_format_version": "0.1.0",
        "start_time_seconds": "1638069745",
        "python_version": "3.8.0 (tags/v3.8.0:fa919fd, Oct 14 2019, 19:37:50) [MSC v.1916 64 bit (AMD64)]",
        "command_line_arguments": "C:\\Users\\Joshua\\AppData\\Local\\Programs\\Python\\Python38\\Scripts\\mlagents-learn training_config.yaml --run-id=FINALTrainerTest_4 --time-scale=10 --resume",
        "mlagents_version": "0.21.1",
        "mlagents_envs_version": "0.21.1",
        "communication_protocol_version": "1.2.0",
        "tensorflow_version": "2.3.1",
        "numpy_version": "1.18.5",
        "end_time_seconds": "1638074145"
    },
    "total": 4399.5135467,
    "count": 1,
    "self": 0.010787700000037148,
    "children": {
        "run_training.setup": {
            "total": 0.010075299999999565,
            "count": 1,
            "self": 0.010075299999999565
        },
        "TrainerController.start_learning": {
            "total": 4399.4926837,
            "count": 1,
            "self": 2.308370399987325,
            "children": {
                "TrainerController._reset_env": {
                    "total": 15.023711599999999,
                    "count": 1,
                    "self": 15.023711599999999
                },
                "TrainerController.advance": {
                    "total": 4371.512254400013,
                    "count": 56048,
                    "self": 1.0879126000381802,
                    "children": {
                        "env_step": {
                            "total": 4370.424341799975,
                            "count": 56048,
                            "self": 4296.330265699926,
                            "children": {
                                "SubprocessEnvManager._take_step": {
                                    "total": 72.25151779996233,
                                    "count": 56048,
                                    "self": 2.3023633999044506,
                                    "children": {
                                        "TFPolicy.evaluate": {
                                            "total": 69.94915440005788,
                                            "count": 49616,
                                            "self": 69.94915440005788
                                        }
                                    }
                                },
                                "workers": {
                                    "total": 1.8425583000871768,
                                    "count": 56047,
                                    "self": 0.0,
                                    "children": {
                                        "worker_root": {
                                            "total": 4373.683391599999,
                                            "count": 56047,
                                            "is_parallel": true,
                                            "self": 334.9112896000024,
                                            "children": {
                                                "steps_from_proto": {
                                                    "total": 0.020333799999999513,
                                                    "count": 1,
                                                    "is_parallel": true,
                                                    "self": 0.0002732999999963681,
                                                    "children": {
                                                        "_process_visual_observation": {
                                                            "total": 0.01861680000000021,
                                                            "count": 2,
                                                            "is_parallel": true,
                                                            "self": 9.750000000074976e-05,
                                                            "children": {
                                                                "observation_to_np_array": {
                                                                    "total": 0.01851929999999946,
                                                                    "count": 6,
                                                                    "is_parallel": true,
                                                                    "self": 0.00017319999999898528,
                                                                    "children": {
                                                                        "process_pixels": {
                                                                            "total": 0.018346100000000476,
                                                                            "count": 6,
                                                                            "is_parallel": true,
                                                                            "self": 0.0007140000000003255,
                                                                            "children": {
                                                                                "image_decompress": {
                                                                                    "total": 0.01763210000000015,
                                                                                    "count": 6,
                                                                                    "is_parallel": true,