{
    "name": "root",
    "gauges": {
        "TestBehavior3.Policy.Entropy.mean": {
            "value": 1.255039930343628,
            "min": 0.6111209988594055,
            "max": 1.255039930343628,
            "count": 3
        },
        "TestBehavior3.Environment.EpisodeLength.mean": {
            "value": 23.033653846153847,
            "min": 5.076576576576577,
            "max": 23.033653846153847,
            "count": 3
        },
        "TestBehavior3.Policy.ExtrinsicValueEstimate.mean": {
            "value": 0.23671668767929077,
            "min": 0.23671668767929077,
            "max": 0.7876121401786804,
            "count": 3
        },
        "TestBehavior3.Environment.CumulativeReward.mean": {
            "value": 0.011596154994689502,
            "min": 0.011596154994689502,
            "max": 0.9962144667623275,
            "count": 3
        },
        "TestBehavior3.Policy.ExtrinsicReward.mean": {
            "value": 0.011596154994689502,
            "min": 0.011596154994689502,
            "max": 0.9962144667623275,
            "count": 3
        },
        "TestBehavior3.IsTraining.mean": {
            "value": 1.0,
            "min": 1.0,
            "max": 1.0,
            "count": 3
        }
    },
    "metadata": {
        "timer_format_version": "0.1.0",
        "start_time_seconds": "1638242810",
        "python_version": "3.8.0 (tags/v3.8.0:fa919fd, Oct 14 2019, 19:37:50) [MSC v.1916 64 bit (AMD64)]",
        "command_line_arguments": "C:\\Users\\Joshua\\AppData\\Local\\Programs\\Python\\Python38\\Scripts\\mlagents-learn training_config.yaml --run-id=FINALTrainerTest_6 --time-scale=10 --resume",
        "mlagents_version": "0.21.1",
        "mlagents_envs_version": "0.21.1",
        "communication_protocol_version": "1.2.0",
        "tensorflow_version": "2.3.1",
        "numpy_version": "1.18.5",
        "end_time_seconds": "1638243376"
    },
    "total": 565.8855993000001,
    "count": 1,
    "self": 0.009693500000025779,
    "children": {
        "run_training.setup": {
            "total": 0.01853240000000067,
            "count": 1,
            "self": 0.01853240000000067
        },
        "TrainerController.start_learning": {
            "total": 565.8573734,
            "count": 1,
            "self": 0.14227359999938471,
            "children": {
                "TrainerController._reset_env": {
                    "total": 24.803723599999998,
                    "count": 1,
                    "self": 24.803723599999998
                },
                "TrainerController.advance": {
                    "total": 533.8104711000007,
                    "count": 3160,
                    "self": 0.06567640000116626,
                    "children": {
                        "env_step": {
                            "total": 533.7447946999995,
                            "count": 3160,
                            "self": 530.3645430999982,
                            "children": {
                                "SubprocessEnvManager._take_step": {
                                    "total": 3.2717681000003047,
                                    "count": 3160,
                                    "self": 0.12921859999908847,
                                    "children": {
                                        "TFPolicy.evaluate": {
                                            "total": 3.1425495000012162,
                                            "count": 1777,
                                            "self": 3.1425495000012162
                                        }
                                    }
                                },
                                "workers": {
                                    "total": 0.10848350000097895,
                                    "count": 3159,
                                    "self": 0.0,
                                    "children": {
                                        "worker_root": {
                                            "total": 541.5548336000019,
                                            "count": 3159,
                                            "is_parallel": true,
                                            "self": 17.656485300000668,
                                            "children": {
                                                "steps_from_proto": {
                                                    "total": 0.05580889999999883,
                                                    "count": 1,
                                                    "is_parallel": true,
                                                    "self": 0.000751499999999794,
                                                    "children": {
                                                        "_process_visual_observation": {
                                                            "total": 0.04718250000000168,
                                                            "count": 2,
                                                            "is_parallel": true,
                                                            "self": 0.0009188000000044383,
                                                            "children": {
                                                                "observation_to_np_array": {
                                                                    "total": 0.04626369999999724,
                                                                    "count": 20,
                                                                    "is_parallel": true,
                                                                    "self": 0.001269700000008811,
                                                                    "children": {
                                                                        "process_pixels": {
                                                                            "total": 0.04499399999998843,
                                                                            "count": 20,
                                                                            "is_parallel": true,
                                                                            "self": 0.005215199999991427,
                                                                            "children": {
                                                                                "image_decompress": {
                                                                                    "total": 0.039778799999997005,
                                                                                    "count": 20,
                                                                                    "is_parallel": true,
                                                                                    "self": 0.039778799999997005
                                                                                }
                                                                            }
                                                                        }
                                                                    }
                                                                }
                                                            }
                                                        },
                                                        "_process_vector_observation": {
                                                            "total": 0.007874899999997353,
                                                            "count": 6,
                                                            "is_parallel": true,
                                                            "self": 0.007874899999997353
                                                        }
                                                    }
                                                },