{
    "name": "root",
    "gauges": {
        "TestBehavior3.Policy.Entropy.mean": {
            "value": 1.7873237133026123,
            "min": 1.2503833770751953,
            "max": 1.788696527481079,
            "count": 45
        },
        "TestBehavior3.Environment.EpisodeLength.mean": {
            "value": 28820.0,
            "min": 10.066666666666666,
            "max": 188018.0,
            "count": 15
        },
        "TestBehavior3.Policy.ExtrinsicValueEstimate.mean": {
            "value": -0.0010599553352221847,
            "min": -0.07624907791614532,
            "max": 0.577854573726654,
            "count": 45
        },
        "TestBehavior3.Environment.CumulativeReward.mean": {
            "value": -1.8820406198501587,
            "min": -17.80088448524475,
            "max": 0.9996541347996942,
            "count": 15
        },
        "TestBehavior3.Policy.ExtrinsicReward.mean": {
            "value": -1.8820406198501587,
            "min": -17.80088448524475,
            "max": 0.9996541347996942,
            "count": 15
        },
        "TestBehavior3.IsTraining.mean": {
            "value": 1.0,
            "min": 1.0,
            "max": 1.0,
            "count": 45
        },
        "TestBehavior3.Losses.ValueLoss.mean": {
            "value": 8.987068213173188e-06,
            "min": 8.987068213173188e-06,
            "max": 0.027391063049435616,
            "count": 3
        },
        "TestBehavior3.Losses.PolicyLoss.mean": {
            "value": 0.04344781115651131,
            "min": 0.04344781115651131,
            "max": 0.10118896514177322,
            "count": 3
        },
        "TestBehavior3.Policy.LearningRate.mean": {
            "value": 0.0001821380719775334,
            "min": 0.0001821380719775334,
            "max": 0.0001834220893215388,
            "count": 3
        },
        "TestBehavior3.Policy.Epsilon.mean": {
            "value": 0.19106903672218323,
            "min": 0.19106903672218323,
            "max": 0.19171103835105896,
            "count": 3
        },
        "TestBehavior3.Policy.Beta.mean": {
            "value": 0.009107796475291252,
            "min": 0.009107796475291252,
            "max": 0.009171932935714722,
            "count": 3
        }
    },
    "metadata": {
        "timer_format_version": "0.1.0",
        "start_time_seconds": "1638178872",
        "python_version": "3.8.0 (tags/v3.8.0:fa919fd, Oct 14 2019, 19:37:50) [MSC v.1916 64 bit (AMD64)]",
        "command_line_arguments": "C:\\Users\\Joshua\\AppData\\Local\\Programs\\Python\\Python38\\Scripts\\mlagents-learn training_config.yaml --run-id=FINALTrainerTest_5 --time-scale=30 --resume",
        "mlagents_version": "0.21.1",
        "mlagents_envs_version": "0.21.1",
        "communication_protocol_version": "1.2.0",
        "tensorflow_version": "2.3.1",
        "numpy_version": "1.18.5",
        "end_time_seconds": "1638189677"
    },
    "total": 10805.3633775,
    "count": 1,
    "self": 0.011174699999173754,
    "children": {
        "run_training.setup": {
            "total": 0.05505139999999997,
            "count": 1,
            "self": 0.05505139999999997
        },
        "TrainerController.start_learning": {
            "total": 10805.2971514,
            "count": 1,
            "self": 20.092079499523607,
            "children": {
                "TrainerController._reset_env": {
                    "total": 16.183623,
                    "count": 1,
                    "self": 16.183623
                },
                "TrainerController.advance": {
                    "total": 10762.607786500477,
                    "count": 540595,
                    "self": 9.1322444010857,
                    "children": {
                        "env_step": {
                            "total": 10753.475542099392,
                            "count": 540595,
                            "self": 10097.806315198924,
                            "children": {
                                "SubprocessEnvManager._take_step": {
                                    "total": 640.1305732004209,
                                    "count": 540595,
                                    "self": 18.91104290029739,
                                    "children": {
                                        "TFPolicy.evaluate": {
                                            "total": 621.2195303001236,
                                            "count": 537773,
                                            "self": 621.2195303001236
                                        }
                                    }
                                },
                                "workers": {
                                    "total": 15.538653700046911,
                                    "count": 540594,
                                    "self": 0.0,
                                    "children": {
                                        "worker_root": {
                                            "total": 10763.82928009973,
                                            "count": 540594,
                                            "is_parallel": true,
                                            "self": 1498.7404398990075,
                                            "children": {
                                                "steps_from_proto": {
                                                    "total": 0.221323700000001,
                                                    "count": 1,
                                                    "is_parallel": true,
                                                    "self": 0.00028940000000154953,
                                                    "children": {
                                                        "_process_visual_observation": {
                                                            "total": 0.22066479999999977,
                                                            "count": 2,
                                                            "is_parallel": true,
                                                            "self": 4.47999999995119e-05,
                                                            "children": {
                                                                "observation_to_np_array": {
                                                                    "total": 0.22062000000000026,
                                                                    "count": 1,
                                                                    "is_parallel": true,
                                                                    "self": 3.509999999984359e-05,
                                                                    "children": {
                                                                        "process_pixels": {
                                                                            "total": 0.22058490000000042,
                                                                            "count": 1,
                                                                            "is_parallel": true,
                                                                            "self": 0.009292400000001422,
                                                                            "children": {
                                                                                "image_decompress": {
                                                                                    "total": 0.211292499999999,
                                                                                    "count": 1,
                                                                                    "is_parallel": true,