{
    "name": "root",
    "metadata": {
        "timer_format_version": "0.1.0",
        "start_time_seconds": "1607381912",
        "python_version": "3.8.0 (tags/v3.8.0:fa919fd, Oct 14 2019, 19:37:50) [MSC v.1916 64 bit (AMD64)]",
        "command_line_arguments": "C:\\Users\\Joshua\\AppData\\Local\\Programs\\Python\\Python38\\Scripts\\mlagents-learn training_config.yaml --run-id=test1 --resume",
        "mlagents_version": "0.21.1",
        "mlagents_envs_version": "0.21.1",
        "communication_protocol_version": "1.2.0",
        "tensorflow_version": "2.3.1",
        "numpy_version": "1.18.5",
        "end_time_seconds": "1607381925"
    },
    "total": 13.788152015000001,
    "count": 1,
    "self": 0.5186190689999997,
    "children": {
        "run_training.setup": {
            "total": 0.005753286000000024,
            "count": 1,
            "self": 0.005753286000000024
        },
        "TrainerController.start_learning": {
            "total": 13.26377966,
            "count": 1,
            "self": 0.0018188659999989198,
            "children": {
                "TrainerController._reset_env": {
                    "total": 10.439112074,
                    "count": 1,
                    "self": 10.439112074
                },
                "trainer_threads": {
                    "total": 1.5012000000425019e-05,
                    "count": 1,
                    "self": 1.5012000000425019e-05,
                    "children": {
                        "thread_root": {
                            "total": 0.0,
                            "count": 0,
                            "is_parallel": true,
                            "self": 0.0,
                            "children": {
                                "trainer_advance": {
                                    "total": 0.0015881489999998166,
                                    "count": 1,
                                    "is_parallel": true,
                                    "self": 6.992600000010896e-05,
                                    "children": {
                                        "process_trajectory": {
                                            "total": 0.0015182229999997077,
                                            "count": 1,
                                            "is_parallel": true,
                                            "self": 0.0015182229999997077
                                        }
                                    }
                                }
                            }
                        }
                    }
                },
                "TrainerController._save_models": {
                    "total": 2.822833708000001,
                    "count": 1,
                    "self": 0.0021329390000008885,
                    "children": {
                        "RLTrainer._checkpoint": {
                            "total": 2.820700769,
                            "count": 1,
                            "self": 2.820700769
                        }
                    }
                }
            }
        }
    }
}