{
    "name": "root",
    "metadata": {
        "timer_format_version": "0.1.0",
        "start_time_seconds": "1635664308",
        "python_version": "3.8.0 (tags/v3.8.0:fa919fd, Oct 14 2019, 19:37:50) [MSC v.1916 64 bit (AMD64)]",
        "command_line_arguments": "C:\\Users\\Joshua\\AppData\\Local\\Programs\\Python\\Python38\\Scripts\\mlagents-learn training_config.yaml --run-id=test1 --time-scale=10 --force",
        "mlagents_version": "0.21.1",
        "mlagents_envs_version": "0.21.1",
        "communication_protocol_version": "1.2.0",
        "tensorflow_version": "2.3.1",
        "numpy_version": "1.18.5",
        "end_time_seconds": "1635664381"
    },
    "total": 72.91150640000001,
    "count": 1,
    "self": 0.14084950000003005,
    "children": {
        "run_training.setup": {
            "total": 2.6337619999999973,
            "count": 1,
            "self": 2.6337619999999973
        },
        "TrainerController.start_learning": {
            "total": 70.13689489999999,
            "count": 1,
            "self": 0.14583000000016,
            "children": {
                "TrainerController._reset_env": {
                    "total": 22.5139626,
                    "count": 1,
                    "self": 22.5139626
                },
                "TrainerController.advance": {
                    "total": 39.35070349999984,
                    "count": 1315,
                    "self": 0.024363800000301694,
                    "children": {
                        "env_step": {
                            "total": 39.32633969999954,
                            "count": 1315,
                            "self": 36.36320740000008,
                            "children": {
                                "SubprocessEnvManager._take_step": {
                                    "total": 2.9208048999998084,
                                    "count": 1315,
                                    "self": 0.055282799999758936,
                                    "children": {
                                        "TFPolicy.evaluate": {
                                            "total": 2.8655221000000495,
                                            "count": 1163,
                                            "self": 2.8655221000000495
                                        }
                                    }
                                },
                                "workers": {
                                    "total": 0.04232739999964963,
                                    "count": 1314,
                                    "self": 0.0,
                                    "children": {
                                        "worker_root": {
                                            "total": 48.394788399999975,
                                            "count": 1314,
                                            "is_parallel": true,
                                            "self": 14.067454999999896,
                                            "children": {
                                                "steps_from_proto": {
                                                    "total": 0.25742829999999906,
                                                    "count": 1,
                                                    "is_parallel": true,
                                                    "self": 0.0011555999999988131,
                                                    "children": {
                                                        "_process_visual_observation": {
                                                            "total": 0.2459264000000001,
                                                            "count": 2,
                                                            "is_parallel": true,
                                                            "self": 8.100000000155205e-05,
                                                            "children": {
                                                                "observation_to_np_array": {
                                                                    "total": 0.24584539999999855,
                                                                    "count": 4,
                                                                    "is_parallel": true,
                                                                    "self": 0.00011749999999999261,
                                                                    "children": {
                                                                        "process_pixels": {
                                                                            "total": 0.24572789999999856,
                                                                            "count": 4,
                                                                            "is_parallel": true,
                                                                            "self": 0.016621199999999448,
                                                                            "children": {
                                                                                "image_decompress": {
                                                                                    "total": 0.2291066999999991,
                                                                                    "count": 4,
                                                                                    "is_parallel": true,
                                                                                    "self": 0.2291066999999991
                                                                                }
                                                                            }
                                                                        }
                                                                    }
                                                                }
                                                            }
                                                        },
                                                        "_process_vector_observation": {
                                                            "total": 0.010346300000000141,
                                                            "count": 2,
                                                            "is_parallel": true,
                                                            "self": 0.010346300000000141
                                                        }
                                                    }
                                                },
                                                "UnityEnvironment.step": {
                                                    "total": 34.06990510000008,
                                                    "count": 1314,
                                                    "is_parallel": true,
                                                    "self": 0.1800307000002377,
                                                    "children": {
                                                        "UnityEnvironment._generate_step_input": {
                                                            "total": 0.4668416999999323,
                                                            "count": 1314,
                                                            "is_parallel": true,
                                                            "self": 0.4668416999999323
                                                        },
                                                        "communicator.exchange": {
                                                            "total": 31.391653699999964,
                                                            "count": 1314,
                                                            "is_parallel": true,