{
    "name": "root",
    "gauges": {
        "TestBehavior3.Policy.Entropy.mean": {
            "value": 1.774539589881897,
            "min": 1.7095943689346313,
            "max": 1.774539589881897,
            "count": 3
        },
        "TestBehavior3.Environment.EpisodeLength.mean": {
            "value": 348.0,
            "min": 81.66071428571429,
            "max": 348.0,
            "count": 3
        },
        "TestBehavior3.Policy.ExtrinsicValueEstimate.mean": {
            "value": 0.0013323589228093624,
            "min": 0.0013323589228093624,
            "max": 0.36201944947242737,
            "count": 3
        },
        "TestBehavior3.Environment.CumulativeReward.mean": {
            "value": -1.034857988357544,
            "min": -1.034857988357544,
            "max": 0.959427990696647,
            "count": 3
        },
        "TestBehavior3.Policy.ExtrinsicReward.mean": {
            "value": -1.034857988357544,
            "min": -1.034857988357544,
            "max": 0.959427990696647,
            "count": 3
        },
        "TestBehavior3.IsTraining.mean": {
            "value": 1.0,
            "min": 1.0,
            "max": 1.0,
            "count": 3
        }
    },
    "metadata": {
        "timer_format_version": "0.1.0",
        "start_time_seconds": "1638149861",
        "python_version": "3.8.0 (tags/v3.8.0:fa919fd, Oct 14 2019, 19:37:50) [MSC v.1916 64 bit (AMD64)]",
        "command_line_arguments": "C:\\Users\\Joshua\\AppData\\Local\\Programs\\Python\\Python38\\Scripts\\mlagents-learn training_config.yaml --run-id=FINALTrainerTest_5 --time-scale=15 --resume",
        "mlagents_version": "0.21.1",
        "mlagents_envs_version": "0.21.1",
        "communication_protocol_version": "1.2.0",
        "tensorflow_version": "2.3.1",
        "numpy_version": "1.18.5",
        "end_time_seconds": "1638150203"
    },
    "total": 341.8257489,
    "count": 1,
    "self": 0.007853800000020783,
    "children": {
        "run_training.setup": {
            "total": 0.00944939999999983,
            "count": 1,
            "self": 0.00944939999999983
        },
        "TrainerController.start_learning": {
            "total": 341.8084457,
            "count": 1,
            "self": 0.13049780000073952,
            "children": {
                "TrainerController._reset_env": {
                    "total": 27.5493607,
                    "count": 1,
                    "self": 27.5493607
                },
                "TrainerController.advance": {
                    "total": 309.0800248999993,
                    "count": 4360,
                    "self": 0.06001470000006748,
                    "children": {
                        "env_step": {
                            "total": 309.0200101999992,
                            "count": 4360,
                            "self": 303.33084130000003,
                            "children": {
                                "SubprocessEnvManager._take_step": {
                                    "total": 5.575518699998959,
                                    "count": 4360,
                                    "self": 0.1411647999992951,
                                    "children": {
                                        "TFPolicy.evaluate": {
                                            "total": 5.434353899999664,
                                            "count": 4293,
                                            "self": 5.434353899999664
                                        }
                                    }
                                },
                                "workers": {
                                    "total": 0.11365020000020465,
                                    "count": 4359,
                                    "self": 0.0,
                                    "children": {
                                        "worker_root": {
                                            "total": 312.0593056,
                                            "count": 4359,
                                            "is_parallel": true,
                                            "self": 15.236333699999761,
                                            "children": {
                                                "steps_from_proto": {
                                                    "total": 0.02053369999999788,
                                                    "count": 1,
                                                    "is_parallel": true,
                                                    "self": 0.0003343999999891878,
                                                    "children": {
                                                        "_process_visual_observation": {
                                                            "total": 0.017315599999999876,
                                                            "count": 2,
                                                            "is_parallel": true,
                                                            "self": 9.899999999873899e-05,
                                                            "children": {
                                                                "observation_to_np_array": {
                                                                    "total": 0.017216600000001137,
                                                                    "count": 9,
                                                                    "is_parallel": true,
                                                                    "self": 0.00017849999999697275,
                                                                    "children": {
                                                                        "process_pixels": {
                                                                            "total": 0.017038100000004164,
                                                                            "count": 9,
                                                                            "is_parallel": true,
                                                                            "self": 0.0009123000000066384,
                                                                            "children": {
                                                                                "image_decompress": {
                                                                                    "total": 0.016125799999997525,
                                                                                    "count": 9,
                                                                                    "is_parallel": true,
                                                                                    "self": 0.016125799999997525
                                                                                }
                                                                            }
                                                                        }
                                                                    }
                                                                }
                                                            }
                                                        },
                                                        "_process_vector_observation": {
                                                            "total": 0.0028837000000088153,
                                                            "count": 6,
                                                            "is_parallel": true,
                                                            "self": 0.0028837000000088153
                                                        }
                                                    }
                                                },