{
    "name": "root",
    "gauges": {
        "TestBehavior3.Policy.Entropy.mean": {
            "value": 0.03202371671795845,
            "min": 0.0032885915134102106,
            "max": 1.0218477249145508,
            "count": 185
        },
        "TestBehavior3.Policy.ExtrinsicValueEstimate.mean": {
            "value": -1.8989773988723755,
            "min": -6.931478977203369,
            "max": 36.448204040527344,
            "count": 185
        },
        "TestBehavior3.IsTraining.mean": {
            "value": 1.0,
            "min": 1.0,
            "max": 1.0,
            "count": 185
        },
        "TestBehavior3.Losses.ValueLoss.mean": {
            "value": 58.342559814453125,
            "min": 37.407997131347656,
            "max": 1696.7659912109375,
            "count": 176
        },
        "TestBehavior3.Losses.PolicyLoss.mean": {
            "value": 0.10042578727006912,
            "min": 0.08938191831111908,
            "max": 0.4259077310562134,
            "count": 176
        },
        "TestBehavior3.Policy.LearningRate.mean": {
            "value": 0.000276860169833526,
            "min": 0.000276860169833526,
            "max": 0.00029000919312238693,
            "count": 176
        },
        "TestBehavior3.Policy.Epsilon.mean": {
            "value": 0.19228671491146088,
            "min": 0.19228671491146088,
            "max": 0.19666974246501923,
            "count": 176
        },
        "TestBehavior3.Policy.Beta.mean": {
            "value": 0.0009236385812982917,
            "min": 0.0009236385812982917,
            "max": 0.0009670303552411497,
            "count": 176
        },
        "TestBehavior3.Environment.EpisodeLength.mean": {
            "value": 2499.5,
            "min": 38.205882352941174,
            "max": 2500.0,
            "count": 181
        },
        "TestBehavior3.Environment.CumulativeReward.mean": {
            "value": -132.99221913019815,
            "min": -374.64340591430664,
            "max": 98.82817263102663,
            "count": 181
        },
        "TestBehavior3.Policy.ExtrinsicReward.mean": {
            "value": -132.99221913019815,
            "min": -374.64340591430664,
            "max": 98.82817263102663,
            "count": 181
        }
    },
    "metadata": {
        "timer_format_version": "0.1.0",
        "start_time_seconds": "1635916820",
        "python_version": "3.8.0 (tags/v3.8.0:fa919fd, Oct 14 2019, 19:37:50) [MSC v.1916 64 bit (AMD64)]",
        "command_line_arguments": "C:\\Users\\Joshua\\AppData\\Local\\Programs\\Python\\Python38\\Scripts\\mlagents-learn training_config.yaml --run-id=visTest8 --time-scale=10 --resume",
        "mlagents_version": "0.21.1",
        "mlagents_envs_version": "0.21.1",
        "communication_protocol_version": "1.2.0",
        "tensorflow_version": "2.3.1",
        "numpy_version": "1.18.5",
        "end_time_seconds": "1635925291"
    },
    "total": 8470.7426515,
    "count": 1,
    "self": 0.00819009999941045,
    "children": {
        "run_training.setup": {
            "total": 0.007976900000000064,
            "count": 1,
            "self": 0.007976900000000064
        },
        "TrainerController.start_learning": {
            "total": 8470.7264845,
            "count": 1,
            "self": 5.00214350004353,
            "children": {
                "TrainerController._reset_env": {
                    "total": 25.963484899999997,
                    "count": 1,
                    "self": 25.963484899999997
                },
                "TrainerController.advance": {
                    "total": 8435.486204399958,
                    "count": 115862,
                    "self": 2.333950199881656,
                    "children": {
                        "env_step": {
                            "total": 8433.152254200077,
                            "count": 115862,
                            "self": 8198.988915200282,
                            "children": {
                                "SubprocessEnvManager._take_step": {
                                    "total": 230.50928999982864,
                                    "count": 115862,
                                    "self": 6.2671665999471315,
                                    "children": {
                                        "TFPolicy.evaluate": {
                                            "total": 224.2421233998815,
                                            "count": 112007,
                                            "self": 224.2421233998815
                                        }
                                    }
                                },
                                "workers": {
                                    "total": 3.654048999965852,
                                    "count": 115861,
                                    "self": 0.0,
                                    "children": {
                                        "worker_root": {
                                            "total": 8416.345013300068,
                                            "count": 115861,
                                            "is_parallel": true,
                                            "self": 710.3952259000289,
                                            "children": {
                                                "steps_from_proto": {
                                                    "total": 0.025615299999998342,
                                                    "count": 1,
                                                    "is_parallel": true,
                                                    "self": 0.00039209999999911815,
                                                    "children": {
                                                        "_process_visual_observation": {
                                                            "total": 0.02499159999999989,
                                                            "count": 2,
                                                            "is_parallel": true,
                                                            "self": 0.00029139999999827637,
                                                            "children": {
                                                                "observation_to_np_array": {
                                                                    "total": 0.024700200000001615,
                                                                    "count": 20,
                                                                    "is_parallel": true,
                                                                    "self": 0.00035580000000123846,
                                                                    "children": {
                                                                        "process_pixels": {
                                                                            "total": 0.024344400000000377,
                                                                            "count": 20,
                                                                            "is_parallel": true,
                                                                            "self": 0.0011132000000060316,
                                                                            "children": {
                                                                                "image_decompress": {
                                                                                    "total": 0.023231199999994345,
                                                                                    "count": 20,
                                                                                    "is_parallel": true,