{
    "name": "root",
    "gauges": {
        "TestBehavior3.Policy.Entropy.mean": {
            "value": 0.5865312814712524,
            "min": 0.575339674949646,
            "max": 1.7909501791000366,
            "count": 130
        },
        "TestBehavior3.Policy.ExtrinsicValueEstimate.mean": {
            "value": 3.6124441623687744,
            "min": -0.01840299554169178,
            "max": 3.652660846710205,
            "count": 130
        },
        "TestBehavior3.Environment.EpisodeLength.mean": {
            "value": 70.17261904761905,
            "min": 68.00574712643679,
            "max": 6690.6,
            "count": 119
        },
        "TestBehavior3.Environment.CumulativeReward.mean": {
            "value": 4.987338213693528,
            "min": -6.099599972367287,
            "max": 4.987914463569378,
            "count": 119
        },
        "TestBehavior3.Policy.ExtrinsicReward.mean": {
            "value": 4.987338213693528,
            "min": -6.099599972367287,
            "max": 4.987914463569378,
            "count": 119
        },
        "TestBehavior3.IsTraining.mean": {
            "value": 1.0,
            "min": 1.0,
            "max": 1.0,
            "count": 130
        },
        "TestBehavior3.Losses.ValueLoss.mean": {
            "value": 0.0007548789726570249,
            "min": 2.7924708774662577e-05,
            "max": 0.7812852263450623,
            "count": 128
        },
        "TestBehavior3.Losses.PolicyLoss.mean": {
            "value": 0.08975611627101898,
            "min": 0.08596614748239517,
            "max": 0.11195739358663559,
            "count": 128
        },
        "TestBehavior3.Policy.LearningRate.mean": {
            "value": 0.000290662981569767,
            "min": 0.000290662981569767,
            "max": 0.000299926963634789,
            "count": 128
        },
        "TestBehavior3.Policy.Epsilon.mean": {
            "value": 0.19688764214515686,
            "min": 0.19688764214515686,
            "max": 0.1999756246805191,
            "count": 128
        },
        "TestBehavior3.Policy.Beta.mean": {
            "value": 0.0009691878804005682,
            "min": 0.0009691878804005682,
            "max": 0.0009997589513659477,
            "count": 128
        }
    },
    "metadata": {
        "timer_format_version": "0.1.0",
        "start_time_seconds": "1633630844",
        "python_version": "3.8.0 (tags/v3.8.0:fa919fd, Oct 14 2019, 19:37:50) [MSC v.1916 64 bit (AMD64)]",
        "command_line_arguments": "C:\\Users\\Joshua\\AppData\\Local\\Programs\\Python\\Python38\\Scripts\\mlagents-learn training_config.yaml --run-id=visTest1 --time-scale=10 --force",
        "mlagents_version": "0.21.1",
        "mlagents_envs_version": "0.21.1",
        "communication_protocol_version": "1.2.0",
        "tensorflow_version": "2.3.1",
        "numpy_version": "1.18.5",
        "end_time_seconds": "1633659044"
    },
    "total": 28200.049394,
    "count": 1,
    "self": 0.05700090000027558,
    "children": {
        "run_training.setup": {
            "total": 0.4583476000000033,
            "count": 1,
            "self": 0.4583476000000033
        },
        "TrainerController.start_learning": {
            "total": 28199.5340455,
            "count": 1,
            "self": 45.383145098472596,
            "children": {
                "TrainerController._reset_env": {
                    "total": 18.3662128,
                    "count": 1,
                    "self": 18.3662128
                },
                "TrainerController.advance": {
                    "total": 28131.234678401528,
                    "count": 1564276,
                    "self": 21.720027700772334,
                    "children": {
                        "env_step": {
                            "total": 28109.514650700756,
                            "count": 1564276,
                            "self": 26113.092026399354,
                            "children": {
                                "SubprocessEnvManager._take_step": {
                                    "total": 1957.812516100051,
                                    "count": 1564276,
                                    "self": 45.31250680159428,
                                    "children": {
                                        "TFPolicy.evaluate": {
                                            "total": 1912.5000092984567,
                                            "count": 1564276,
                                            "self": 1912.5000092984567
                                        }
                                    }
                                },
                                "workers": {
                                    "total": 38.61010820135129,
                                    "count": 1564275,
                                    "self": 0.0,
                                    "children": {
                                        "worker_root": {
                                            "total": 28125.610479398183,
                                            "count": 1564275,
                                            "is_parallel": true,
                                            "self": 4087.8674055968513,
                                            "children": {
                                                "steps_from_proto": {
                                                    "total": 0.27151730000000107,
                                                    "count": 1,
                                                    "is_parallel": true,
                                                    "self": 0.002484600000000725,
                                                    "children": {
                                                        "_process_visual_observation": {
                                                            "total": 0.26502720000000046,
                                                            "count": 2,
                                                            "is_parallel": true,
                                                            "self": 3.190000000152793e-05,
                                                            "children": {
                                                                "observation_to_np_array": {
                                                                    "total": 0.26499529999999893,
                                                                    "count": 1,
                                                                    "is_parallel": true,
                                                                    "self": 3.899999999923409e-05,
                                                                    "children": {
                                                                        "process_pixels": {
                                                                            "total": 0.2649562999999997,
                                                                            "count": 1,
                                                                            "is_parallel": true,
                                                                            "self": 0.022518699999999114,
                                                                            "children": {
                                                                                "image_decompress": {
                                                                                    "total": 0.24243760000000059,
                                                                                    "count": 1,
                                                                                    "is_parallel": true,